"Time","3458B"
1683277311207,9.970578243
1683277316407,9.97057839
1683277321607,9.970578258
1683277326808,9.970578272
1683277332007,9.970578258
1683277337207,9.970577994
1683277342408,9.970577818
1683277347608,9.970577671
1683277352808,9.970577774
1683277358008,9.970577759
1683277363208,9.970577979
1683277368408,9.970577759
1683277373608,9.97057817
1683277378808,9.970577818
1683277384008,9.970578038
1683277389208,9.970577965
1683277394408,9.970578111
1683277399608,9.970577803
1683277404808,9.970578038
1683277410008,9.970577994
1683366244390,9.970576402
1683366249589,9.970576534
1683366254789,9.970576182
1683366259989,9.97057627
1683366265190,9.970576505
1683366270390,9.970576636
1683366275590,9.97057671
1683366280790,9.97057693
1683366285990,9.970576783
1683366291190,9.970576563
1683366296390,9.970576446
1683366301590,9.970576417
1683366306790,9.970576695
1683366311990,9.970576373
1683366317190,9.970576329
1683366322390,9.970576226
1683366327590,9.970576123
1683366332791,9.970576505
1683366337990,9.970576138
1683366343190,9.970576226
1683452793355,9.970575611
1683452798555,9.970575992
1683452803755,9.97057586
1683452808955,9.970576036
1683452814154,9.970575933
1683452819355,9.970575875
1683452824555,9.970575875
1683452829755,9.970576065
1683452834955,9.970576036
1683452840155,9.970576007
1683452845355,9.970575845
1683452850555,9.97057586
1683452855755,9.970576124
1683452860955,9.970575977
1683452866155,9.970576139
1683452871355,9.970576285
1683452876555,9.970576109
1683452881756,9.970575992
1683452886955,9.970576183
1683452892155,9.970576065
1683498353951,9.970575969
1683498359151,9.970576116
1683498364351,9.970575998
1683498369551,9.970576218
1683498374751,9.970576365
1683498379951,9.970575998
1683498385151,9.97057635
1683498390351,9.970576057
1683498395552,9.97057616
1683498400752,9.970576116
1683498405952,9.97057613
1683498411152,9.970576438
1683498416352,9.970576248
1683498421552,9.970576057
1683498426752,9.97057613
1683498431952,9.970576116
1683498437152,9.970576042
1683498442352,9.970576189
1683498447552,9.970575881
1683498452752,9.970575573
1683537487769,9.970575745
1683537492969,9.970576053
1683537498169,9.970576082
1683537503369,9.970575848
1683537508569,9.970576009
1683537513769,9.970576302
1683537518969,9.970576112
1683537524169,9.970576024
1683537529369,9.970576053
1683537534569,9.97057617
1683537539769,9.970575877
1683537544969,9.970576068
1683537550169,9.970575833
1683537555370,9.970575701
1683537560570,9.970575716
1683537565770,9.970575525
1683537570970,9.970575335
1683537576170,9.970575393
1683537581370,9.970575349
1683537586570,9.9705751
1683583608919,9.970577512
1683583614120,9.970577849
1683583619320,9.970577585
1683583624520,9.970577717
1683583629720,9.970577497
1683583634920,9.970577805
1683583640120,9.9705776
1683583645320,9.970577746
1683583650520,9.97057757
1683583655720,9.970577424
1683583660920,9.970577395
1683583666120,9.970577556
1683583671320,9.970577732
1683583676520,9.970577658
1683583681720,9.970577585
1683583686920,9.970577717
1683583692120,9.970577834
1683583697320,9.970577585
1683583702521,9.970577512
1683583707721,9.970577263
1683623699795,9.97057634
1683623704995,9.970576589
1683623710196,9.970576692
1683623715396,9.97057656
1683623720596,9.970576574
1683623725794,9.970576501
1683623730995,9.970576633
1683623736195,9.970576545
1683623741396,9.970576398
1683623746596,9.970576281
1683623751796,9.970576501
1683623756996,9.970576457
1683623762196,9.970576897
1683623767396,9.97057675
1683623772596,9.97057678
1683623777796,9.970576589
1683623782996,9.970576325
1683623788196,9.970576589
1683623793396,9.970576662
1683623798596,9.970576589
1683669225930,9.970576827
1683669231130,9.970576915
1683669236330,9.970576827
1683669241531,9.970576959
1683669246730,9.970576827
1683669251930,9.970576812
1683669257130,9.970576636
1683669262330,9.970576504
1683669267531,9.970576739
1683669272731,9.970576387
1683669277930,9.970576299
1683669283131,9.97057646
1683669288330,9.970576519
1683669293531,9.970576446
1683669298731,9.970576343
1683669303931,9.970576182
1683669309131,9.97057624
1683669314331,9.97057627
1683669319531,9.970576094
1683669324731,9.970575962
1683754472223,9.970576533
1683754477422,9.970576489
1683754482622,9.970576401
1683754487822,9.970576577
1683754493022,9.970576299
1683754498222,9.970576489
1683754503423,9.970576475
1683754508623,9.970576607
1683754513823,9.970576475
1683754519023,9.970576548
1683754524222,9.970576724
1683754529423,9.970576401
1683754534623,9.970576519
1683754539823,9.970576343
1683754545023,9.970576357
1683754550223,9.970576343
1683754555423,9.970576328
1683754560623,9.970576504
1683754565823,9.970576226
1683754571023,9.970576357
1683803452883,9.970576677
1683803458083,9.970576721
1683803463283,9.970576603
1683803468483,9.97057697
1683803473683,9.970577058
1683803478883,9.970576721
1683803484083,9.970576662
1683803489283,9.970576589
1683803494483,9.970576515
1683803499684,9.970576618
1683803504883,9.970576589
1683803510083,9.970576398
1683803515283,9.970576647
1683803520484,9.970576559
1683803525684,9.970576691
1683803530884,9.970576809
1683803536083,9.970576574
1683803541284,9.970576691
1683803546484,9.970576647
1683803551684,9.970576442
1683837753834,9.970576145
1683837759034,9.970576614
1683837764234,9.970576614
1683837769434,9.970576511
1683837774634,9.970576306
1683837779835,9.970576277
1683837785034,9.970576394
1683837790235,9.970576335
1683837795435,9.970576482
1683837800635,9.970576335
1683837805835,9.970576599
1683837811035,9.970576746
1683837816235,9.970576291
1683837821435,9.970576365
1683837826635,9.970575983
1683837831835,9.970576203
1683837837034,9.970576174
1683837842234,9.970576101
1683837847435,9.970576027
1683837852635,9.970576071
1683878588637,9.970576829
1683878593837,9.970577239
1683878599037,9.970576873
1683878604237,9.970576565
1683878609437,9.97057633
1683878614637,9.970576668
1683878619837,9.970576961
1683878625037,9.970576829
1683878630237,9.970576917
1683878635438,9.970576712
1683878640637,9.970576902
1683878645837,9.970576932
1683878651037,9.970576844
1683878656237,9.97057699
1683878661437,9.970576888
1683878666638,9.970576814
1683878671838,9.970577049
1683878677037,9.970576726
1683878682238,9.97057702
1683878687438,9.970576932
1683930709838,9.970577486
1683930715038,9.970577354
1683930720238,9.970577398
1683930725438,9.970577456
1683930730638,9.970577222
1683930735838,9.970577222
1683930741038,9.970577207
1683930746238,9.970577735
1683930751438,9.970577632
1683930756638,9.970577588
1683930761838,9.970577808
1683930767040,9.970577471
1683930772239,9.970577456
1683930777439,9.970577251
1683930782639,9.970577163
1683930787839,9.970577149
1683930793039,9.970577222
1683930798239,9.970577207
1683930803439,9.970577236
1683930808639,9.970577031
1683964323977,9.97057731
1683964329176,9.970577222
1683964334377,9.970577252
1683964339577,9.970577178
1683964344777,9.970577339
1683964349977,9.970577515
1683964355177,9.970577413
1683964360377,9.970577486
1683964365578,9.970577545
1683964370777,9.970577237
1683964375977,9.970577222
1683964381178,9.970577237
1683964386378,9.970576929
1683964391578,9.970577252
1683964396778,9.970576709
1683964401978,9.970576929
1683964407178,9.97057712
1683964412375,9.970576812
1683964417578,9.970576812
1683964422777,9.970576914
1684018886730,9.970577371
1684018891930,9.970577576
1684018897130,9.970577474
1684018902330,9.970577488
1684018907530,9.970577415
1684018912730,9.970577224
1684018917930,9.970577327
1684018923130,9.970577151
1684018928330,9.970577327
1684018933530,9.970577268
1684018938731,9.970577518
1684018943930,9.970577195
1684018949130,9.970577503
1684018954331,9.970577356
1684018959531,9.970577371
1684018964731,9.970577166
1684018969931,9.970577356
1684018975130,9.970577268
1684018980330,9.970577122
1684018985531,9.970577298
1684080141851,9.970577589
1684080147051,9.970577868
1684080152251,9.970578176
1684080157451,9.970578102
1684080162651,9.970577721
1684080167851,9.970577956
1684080173050,9.970578102
1684080178252,9.970577912
1684080183452,9.970578
1684080188652,9.970578029
1684080193850,9.970577707
1684080199052,9.970577604
1684080204252,9.970577501
1684080209452,9.970577589
1684080214652,9.970577692
1684080219850,9.970577575
1684080225052,9.97057756
1684080230252,9.970577633
1684080235453,9.970577413
1684080240652,9.97057756
1684155000198,9.970577641
1684155005398,9.970578125
1684155010598,9.970577963
1684155015798,9.970577744
1684155020998,9.970577612
1684155026198,9.970577436
1684155031398,9.970577729
1684155036598,9.970577656
1684155041799,9.970577875
1684155046998,9.970577714
1684155052198,9.970578081
1684155057399,9.970577729
1684155062599,9.970577788
1684155067799,9.970577436
1684155072998,9.970577392
1684155078198,9.970577744
1684155083399,9.970577612
1684155088599,9.970577714
1684155093799,9.970577714
1684155098999,9.970577788
1684239083213,9.970578368
1684239088413,9.970578471
1684239093614,9.970578632
1684239098814,9.970578705
1684239104013,9.97057872
1684239109213,9.9705785
1684239114414,9.970578441
1684239119614,9.970578676
1684239124814,9.970578265
1684239130014,9.970578368
1684239135214,9.97057872
1684239140414,9.970578471
1684239145614,9.970578251
1684239150814,9.970578353
1684239156013,9.970578192
1684239161214,9.9705785
1684239166414,9.970578339
1684239171614,9.970578471
1684239176814,9.970578471
1684239182016,9.970578603
1684269648208,9.970580375
1684269653408,9.970580477
1684269658608,9.970580565
1684269663808,9.970580624
1684269669008,9.970580551
1684269674208,9.970580551
1684269679409,9.970580521
1684269684609,9.970580507
1684269689808,9.970580404
1684269695008,9.970580536
1684269700209,9.970580316
1684269705409,9.970580433
1684269710609,9.970580389
1684269715809,9.970580463
1684269721009,9.970580302
1684269726209,9.97058017
1684269731409,9.970580463
1684269736609,9.970580551
1684269741809,9.970580346
1684269747009,9.970580404
1684331981190,9.970578811
1684331986390,9.970578973
1684331991590,9.970579017
1684331996791,9.970578782
1684332001991,9.970578767
1684332007190,9.970578606
1684332012391,9.970579002
1684332017591,9.970578635
1684332022791,9.970578943
1684332027991,9.970578899
1684332033191,9.970578958
1684332038391,9.970579046
1684332043592,9.970578958
1684332048791,9.970579017
1684332053991,9.970578811
1684332059190,9.970578855
1684332064391,9.970579075
1684332069591,9.970579193
1684332074791,9.970578767
1684332079991,9.970579017
1684364426960,9.970579288
1684364432159,9.970579259
1684364437359,9.970579347
1684364442559,9.970579288
1684364447759,9.970579259
1684364452959,9.970579156
1684364458159,9.970579112
1684364463359,9.97057898
1684364468559,9.970579186
1684364473759,9.97057923
1684364478959,9.970579376
1684364484159,9.970579347
1684364489359,9.970578878
1684364494559,9.970578951
1684364499760,9.970578995
1684364504959,9.970579083
1684364510159,9.970579068
1684364515360,9.970579347
1684364520559,9.970579259
1684364525760,9.9705792
1684451895787,9.970578506
1684451900987,9.970578403
1684451906187,9.970578681
1684451911387,9.970578725
1684451916588,9.970578462
1684451921787,9.970578476
1684451926987,9.970578388
1684451932187,9.970578696
1684451937388,9.970578579
1684451942588,9.970578535
1684451947788,9.970578359
1684451952988,9.970578447
1684451958188,9.970578344
1684451963387,9.970578359
1684451968587,9.970577963
1684451973788,9.970578447
1684451978987,9.970578256
1684451984188,9.970578344
1684451989388,9.970578286
1684451994588,9.970578154
1684535124399,9.970579512
1684535129599,9.970579659
1684535134799,9.970579498
1684535139999,9.970579512
1684535145199,9.970579615
1684535150399,9.970579732
1684535155599,9.970579674
1684535160799,9.970579424
1684535165997,9.970579659
1684535171199,9.970579615
1684535176399,9.970579718
1684535181600,9.970579674
1684535186800,9.970579586
1684535191999,9.970579644
1684535197199,9.970579351
1684535202400,9.970579542
1684535207600,9.970579615
1684535212800,9.970579688
1684535218000,9.9705796
1684535223200,9.970579791
1684664407691,9.970579799
1684664412891,9.970579829
1684664418090,9.970579858
1684664423291,9.970579887
1684664428491,9.970580122
1684664433691,9.970579931
1684664438891,9.970579667
1684664444091,9.970579697
1684664449291,9.970579961
1684664454491,9.970579917
1684664459691,9.970579814
1684664464891,9.970580063
1684664470091,9.970580181
1684664475292,9.970580093
1684664480492,9.970580049
1684664485692,9.970580107
1684664490892,9.970580049
1684664496091,9.970579785
1684664501292,9.970580166
1684664506492,9.970580078
1684765129523,9.97057724
1684765134724,9.970576918
1684765139923,9.970577226
1684765145123,9.970577153
1684765150323,9.97057746
1684765155524,9.970577299
1684765160724,9.970577431
1684765165924,9.970577607
1684765171124,9.970577182
1684765176324,9.970577358
1684765181524,9.97057724
1684765186724,9.97057724
1684765191924,9.970577299
1684765197124,9.970577402
1684765202324,9.970577065
1684765207524,9.97057749
1684765212724,9.970577314
1684765217924,9.97057705
1684765223124,9.97057724
1684765228324,9.970577079
1684865360802,9.970579031
1684865366002,9.970579353
1684865371202,9.970579192
1684865376402,9.970579016
1684865381603,9.970578958
1684865386803,9.970579046
1684865392005,9.970579324
1684865397202,9.97057928
1684865402403,9.970579471
1684865407603,9.970579265
1684865412803,9.970579412
1684865418003,9.970579441
1684865423203,9.970579485
1684865428403,9.970579295
1684865433603,9.970579251
1684865438803,9.970579485
1684865444003,9.970579485
1684865449203,9.970579441
1684865454404,9.970579412
1684865459604,9.970579265
1685051972915,9.970580669
1685051978115,9.970581035
1685051983315,9.970580815
1685051988516,9.970580537
1685051993716,9.970580493
1685051998916,9.970580918
1685052004116,9.970580977
1685052009316,9.970580859
1685052014516,9.970580889
1685052019716,9.970580507
1685052024916,9.970580522
1685052030116,9.970580859
1685052035316,9.970580566
1685052040516,9.970580346
1685052045716,9.970580698
1685052050917,9.970580698
1685052056117,9.970580859
1685052061313,9.97058061
1685052066517,9.970580845
1685052071717,9.970580698
1685370266809,9.970543499
1685370272009,9.970543719
1685370277214,9.970544144
1685370282409,9.970543939
1685370287609,9.970543953
1685370292809,9.970543895
1685370298009,9.970543572
1685370303209,9.970543601
1685370308409,9.970543543
1685370313609,9.970543631
1685370318810,9.970543557
1685370324010,9.970543836
1685370329210,9.97054366
1685370334409,9.970543572
1685370339611,9.970543308
1685370344810,9.970543572
1685370350010,9.970543631
1685370355212,9.970543337
1685370360410,9.970543162
1685370365609,9.970543279
1685452242518,9.970543048
1685452247718,9.970543077
1685452252918,9.970543121
1685452258118,9.970543106
1685452263320,9.970543136
1685452268521,9.970543004
1685452273719,9.970543136
1685452278919,9.970543062
1685452284119,9.97054315
1685452289319,9.970543048
1685452294519,9.97054318
1685452299719,9.970543106
1685452304919,9.97054293
1685452310119,9.970542945
1685452315320,9.970542754
1685452320519,9.970542696
1685452325719,9.970542872
1685452330919,9.970542872
1685452336125,9.970542608
1685452341326,9.970542974
1685531585114,9.970545897
1685531590314,9.970546015
1685531595513,9.970545853
1685531600714,9.970546044
1685531605914,9.970545912
1685531611114,9.97054578
1685531616314,9.970546029
1685531621514,9.970546015
1685531626714,9.970545824
1685531631914,9.970546058
1685531637112,9.970545824
1685531642314,9.970545751
1685531647514,9.97054578
1685531652714,9.970545809
1685531657914,9.970545795
1685531663114,9.970545765
1685531668314,9.970545619
1685531673515,9.970545677
1685531678714,9.970545325
1685531683915,9.970545238
1685612332280,9.970546627
1685612337480,9.970547053
1685612342680,9.970546994
1685612347880,9.970546994
1685612353080,9.970546627
1685612358280,9.970546891
1685612363479,9.970546584
1685612368680,9.970546598
1685612373881,9.97054651
1685612379081,9.970546422
1685612384280,9.970546657
1685612389481,9.970546437
1685612394681,9.970546569
1685612399881,9.970546584
1685612405081,9.970546408
1685612410282,9.970546437
1685612415480,9.970546935
1685612420681,9.970546525
1685612425881,9.970546686
1685612431080,9.970546452
1685709345859,9.970548035
1685709351059,9.970548592
1685709356259,9.970548431
1685709361459,9.970548284
1685709366659,9.97054824
1685709371859,9.970548343
1685709377059,9.970548343
1685709382259,9.970548445
1685709387459,9.970548387
1685709392659,9.970548255
1685709397859,9.970548284
1685709403059,9.970548445
1685709408259,9.970548152
1685709413459,9.970548108
1685709418659,9.970548182
1685709423859,9.970548123
1685709429060,9.970548196
1685709434259,9.970547947
1685709439459,9.970548108
1685709444659,9.970547918
1685797603935,9.970548524
1685797609135,9.970549111
1685797614335,9.970549008
1685797619535,9.970548935
1685797624735,9.970548876
1685797629935,9.970548876
1685797635135,9.970548671
1685797640335,9.970548612
1685797645535,9.970548524
1685797650735,9.970548759
1685797655936,9.970548774
1685797661136,9.970548598
1685797666335,9.970548539
1685797671535,9.970548524
1685797676735,9.97054851
1685797681936,9.970548583
1685797687136,9.970548319
1685797692336,9.97054829
1685797697536,9.970548246
1685797702736,9.970548451
1685882171288,9.970549758
1685882176488,9.970550036
1685882181689,9.970549992
1685882186889,9.970550007
1685882192089,9.970549875
1685882197289,9.970549772
1685882202489,9.970549831
1685882207689,9.970549977
1685882212889,9.970549728
1685882218089,9.97054967
1685882223287,9.970550007
1685882228489,9.97054967
1685882233690,9.970549626
1685882238890,9.970549875
1685882244090,9.970549963
1685882249290,9.970549977
1685882254490,9.970549611
1685882259690,9.970549963
1685882264890,9.970549802
1685882270090,9.970549816
1685967572101,9.970547918
1685967577301,9.970547698
1685967582503,9.970547933
1685967587701,9.970547625
1685967592901,9.970547786
1685967598101,9.97054783
1685967603302,9.970548109
1685967608501,9.970548109
1685967613702,9.97054786
1685967618902,9.970548109
1685967624102,9.97054783
1685967629302,9.970548006
1685967634502,9.970548226
1685967639702,9.970547874
1685967644902,9.970548036
1685967650102,9.970547933
1685967655302,9.970547874
1685967660502,9.970548138
1685967665702,9.970547962
1685967670902,9.970548343
1686087703822,9.97054833
1686087709023,9.970548491
1686087714223,9.970548726
1686087719423,9.97054855
1686087724622,9.970548286
1686087729822,9.97054855
1686087735022,9.970548359
1686087740223,9.970548359
1686087745423,9.97054833
1686087750623,9.970548564
1686087755823,9.970548433
1686087761023,9.970548359
1686087766223,9.970548271
1686087771423,9.970548389
1686087776623,9.970548271
1686087781826,9.970548081
1686087787023,9.970548125
1686087792223,9.970548139
1686087797424,9.970548315
1686087802624,9.970548154
1686219710956,9.970545763
1686219716156,9.970545851
1686219721356,9.970545543
1686219726556,9.970545704
1686219731756,9.970545441
1686219736957,9.970545558
1686219742157,9.970545748
1686219747357,9.970545704
1686219752556,9.97054566
1686219757757,9.970545704
1686219762957,9.970545411
1686219768157,9.970545367
1686219773357,9.970545572
1686219778557,9.970545631
1686219783757,9.97054566
1686219788957,9.970545528
1686219794157,9.97054566
1686219799357,9.970545646
1686219804557,9.97054569
1686219809757,9.970545734
1686344520003,9.970545479
1686344525204,9.970545802
1686344530403,9.970545875
1686344535603,9.970545714
1686344540803,9.970545875
1686344546003,9.970545846
1686344551204,9.970545714
1686344556403,9.970545596
1686344561603,9.970545406
1686344566803,9.970545318
1686344572003,9.97054564
1686344577204,9.970545714
1686344582404,9.970545538
1686344587604,9.970545362
1686344592804,9.97054567
1686344598005,9.970545538
1686344603205,9.97054545
1686344608404,9.97054542
1686344613604,9.970545332
1686344618804,9.970545552
1686429404438,9.970546863
1686429409638,9.970547171
1686429414838,9.970546892
1686429420038,9.97054698
1686429425239,9.970547127
1686429430439,9.970547009
1686429435638,9.970547185
1686429440840,9.970547156
1686429446039,9.970547127
1686429451239,9.970547127
1686429456440,9.970547083
1686429461639,9.970546951
1686429466839,9.970547068
1686429472039,9.970547039
1686429477239,9.970547332
1686429482440,9.970547068
1686429487640,9.97054676
1686429492839,9.970546672
1686429498039,9.970546658
1686429503239,9.970546643
1686486373619,9.970547861
1686486378819,9.97054811
1686486384019,9.970548271
1686486389219,9.970548154
1686486394419,9.97054811
1686486399619,9.970548315
1686486404819,9.970548183
1686486410019,9.970548095
1686486415219,9.970547846
1686486420419,9.970547978
1686486425619,9.970547846
1686486430820,9.970547993
1686486436019,9.970547802
1686486441219,9.970548066
1686486446420,9.970547831
1686486451619,9.970547802
1686486456819,9.970547846
1686486462020,9.970547949
1686486467220,9.970547963
1686486472420,9.970547787
1686726450057,9.970547259
1686726455257,9.970547479
1686726460458,9.970547537
1686726465657,9.970547405
1686726470857,9.97054742
1686726476057,9.970547405
1686726481257,9.970547288
1686726486458,9.970547288
1686726491657,9.970547361
1686726496857,9.970547244
1686726502057,9.97054698
1686726507257,9.970547288
1686726512458,9.970547097
1686726517658,9.970547141
1686726522857,9.970547083
1686726528057,9.970546834
1686726533258,9.970546951
1686726538458,9.970547112
1686726543657,9.970546731
1686726548858,9.9705472
1686994973913,9.970546492
1686994979113,9.97054683
1686994984314,9.970546786
1686994989514,9.970546624
1686994994713,9.970546258
1686994999913,9.970546287
1686995005113,9.970546404
1686995010313,9.970546536
1686995015513,9.970546448
1686995020713,9.970546404
1686995025913,9.970546536
1686995031113,9.970546536
1686995036313,9.97054617
1686995041515,9.970546404
1686995046713,9.97054661
1686995051913,9.970546492
1686995057114,9.970546375
1686995062314,9.970546199
1686995067513,9.970546258
1686995072714,9.970546097
1687154090559,9.970547206
1687154095759,9.970547308
1687154100959,9.970547602
1687154106159,9.970547807
1687154111359,9.97054744
1687154116559,9.970547792
1687154121759,9.970547763
1687154126959,9.970547734
1687154132160,9.970547734
1687154137360,9.970547587
1687154142560,9.970547572
1687154147760,9.970547587
1687154152959,9.970547616
1687154158160,9.970547587
1687154163360,9.970547484
1687154168560,9.97054744
1687154173760,9.970547118
1687154178960,9.970547367
1687154184160,9.970546957
1687154189360,9.970547176
1687350678757,9.970548548
1687350683957,9.970549061
1687350689157,9.970548856
1687350694357,9.970548577
1687350699557,9.970548973
1687350704757,9.970549002
1687350709956,9.970548973
1687350715157,9.970548753
1687350720357,9.970549032
1687350725557,9.970548782
1687350730757,9.970549164
1687350735957,9.970548841
1687350741157,9.9705489
1687350746358,9.970549002
1687350751558,9.970548724
1687350756758,9.970548944
1687350761956,9.970548768
1687350767157,9.970548782
1687350772357,9.970548797
1687350777558,9.970548826
1687674689751,9.970547195
1687674694951,9.970547386
1687674700151,9.970547401
1687674705351,9.970547298
1687674710551,9.970547195
1687674715751,9.97054699
1687674720954,9.970546829
1687674726152,9.970547137
1687674731352,9.970546887
1687674736552,9.970546741
1687674741752,9.970546961
1687674746952,9.970547049
1687674752152,9.970547166
1687674757351,9.970546931
1687674762552,9.970546682
1687674767752,9.970546697
1687674772953,9.970546829
1687674778152,9.970546624
1687674783352,9.970546917
1687674788553,9.97054677
1687780854489,9.970546017
1687780859689,9.970546149
1687780864889,9.970546119
1687780870089,9.97054609
1687780875289,9.97054587
1687780880489,9.970546075
1687780885689,9.970545973
1687780890889,9.970545914
1687780896089,9.970545943
1687780901289,9.970545899
1687780906489,9.970545738
1687780911689,9.970545899
1687780916889,9.970545577
1687780922089,9.97054565
1687780927289,9.970545489
1687780932490,9.970545386
1687780937689,9.970545738
1687780942889,9.970545518
1687780948090,9.970545885
1687780953289,9.970545284
1687864594673,9.970545666
1687864599873,9.970545608
1687864605073,9.970545872
1687864610273,9.97054574
1687864615473,9.970545622
1687864620673,9.970545549
1687864625873,9.970545666
1687864631073,9.970545461
1687864636273,9.970545388
1687864641473,9.970545183
1687864646673,9.970545725
1687864651873,9.970545447
1687864657073,9.970545388
1687864662273,9.970545476
1687864667473,9.970545183
1687864672673,9.970545285
1687864677873,9.97054508
1687864683073,9.970545212
1687864688273,9.97054508
1687864693474,9.970544948
1688473452448,9.970548382
1688473457647,9.970548661
1688473462847,9.970548295
1688473468047,9.97054828
1688473473247,9.970548236
1688473478448,9.970548236
1688473483647,9.970548309
1688473488847,9.970548324
1688473494047,9.970548426
1688473499247,9.970548397
1688473504449,9.97054828
1688473509648,9.970548617
1688473514848,9.970548617
1688473520048,9.970548192
1688473525248,9.970548544
1688473530449,9.970548397
1688473535649,9.970548368
1688473540849,9.970548676
1688473546048,9.970548544
1688473551248,9.970548295
1689499618202,9.970550265
1689499623402,9.97055047
1689499628602,9.970550587
1689499633806,9.970550573
1689499639002,9.970550573
1689499644202,9.970550485
1689499649402,9.970550221
1689499654602,9.970550719
1689499659802,9.970550338
1689499665002,9.970550587
1689499670202,9.970550514
1689499675402,9.970550485
1689499680602,9.970550353
1689499685802,9.970550118
1689499691002,9.970550235
1689499696202,9.970550001
1689499701402,9.970550338
1689499706602,9.970550177
1689499711802,9.970550147
1689499717002,9.970550177
1689519949046,9.970549228
1689519954246,9.970549272
1689519959447,9.970549155
1689519964646,9.970549258
1689519969846,9.970549052
1689519975046,9.970549052
1689519980246,9.970549096
1689519985447,9.970549126
1689519990646,9.970549155
1689519995846,9.970549258
1689520001046,9.970548818
1689520006246,9.970549023
1689520011447,9.970549067
1689520016646,9.970548979
1689520021846,9.9705487
1689520027046,9.970548715
1689520032246,9.970548612
1689520037447,9.970548642
1689520042646,9.970548656
1689520047846,9.970548393
1689688149962,9.970551287
1689688155162,9.970551302
1689688160362,9.970551302
1689688165562,9.970551316
1689688170762,9.970551477
1689688175962,9.970551419
1689688181162,9.970551346
1689688186362,9.970551477
1689688191562,9.970551331
1689688196762,9.970551404
1689688201962,9.970551565
1689688207162,9.970551389
1689688212362,9.970551404
1689688217562,9.970551404
1689688222762,9.970551639
1689688227962,9.970551346
1689688233162,9.970551346
1689688238362,9.970551272
1689688243562,9.970551389
1689688248762,9.970551287
1689695284298,9.970549077
1689695289498,9.970549356
1689695294698,9.970549605
1689695299898,9.970549869
1689695305098,9.970549561
1689695310298,9.970549708
1689695315498,9.970549752
1689695320698,9.970549458
1689695325898,9.970549796
1689695331098,9.97054962
1689695336298,9.97055003
1689695341498,9.97054959
1689695346698,9.970549678
1689695351898,9.970549473
1689695357098,9.970549576
1689695362298,9.970549561
1689695367498,9.970549532
1689695372698,9.970549605
1689695377898,9.970549605
1689695383098,9.970549327
1689797961558,9.970549859
1689797966758,9.970550123
1689797971958,9.970549976
1689797977158,9.970550402
1689797982358,9.970550167
1689797987558,9.970550167
1689797992758,9.970550006
1689797997958,9.97055024
1689798003158,9.970549844
1689798008358,9.970549844
1689798013558,9.97055002
1689798018758,9.970549947
1689798023958,9.97055005
1689798029158,9.970550035
1689798034358,9.970550006
1689798039558,9.970549903
1689798044758,9.970549859
1689798049958,9.970550108
1689798055158,9.97055002
1689798060358,9.970549654
1689837122262,9.970552444
1689837127467,9.970552561
1689837132666,9.970552238
1689837137866,9.970552458
1689837143066,9.970552253
1689837148266,9.97055218
1689837153471,9.97055237
1689837158666,9.97055237
1689837163866,9.970552092
1689837169066,9.970552224
1689837174266,9.970552238
1689837179467,9.970552136
1689837184666,9.970552209
1689837189866,9.970552136
1689837195066,9.970552048
1689837200266,9.970552062
1689837205466,9.970551828
1689837210666,9.970551886
1689837215866,9.970552048
1689837221066,9.970551945
1689893040026,9.970552911
1689893045226,9.970553014
1689893050426,9.970552999
1689893055626,9.970552882
1689893060826,9.970552838
1689893066026,9.970552574
1689893071226,9.970552808
1689893076426,9.970552559
1689893081626,9.970552647
1689893086826,9.970552574
1689893092026,9.970552691
1689893097226,9.970552207
1689893102426,9.970552647
1689893107626,9.970552457
1689893112826,9.970552808
1689893118028,9.970552486
1689893123226,9.970552588
1689893128426,9.970552413
1689893133626,9.970552588
1689893138826,9.970552251
1689924371946,9.970552058
1689924377146,9.970552073
1689924382346,9.970552014
1689924387546,9.970552278
1689924392746,9.970552088
1689924397946,9.970552293
1689924403146,9.970552073
1689924408346,9.970552088
1689924413546,9.970552249
1689924418746,9.970551853
1689924423946,9.970551838
1689924429142,9.970551824
1689924434346,9.970551486
1689924439546,9.970551677
1689924444746,9.970551853
1689924449946,9.970551692
1689924455146,9.970551794
1689924460346,9.97055156
1689924465546,9.970551824
1689924470746,9.97055153
1689970228294,9.970552697
1689970233494,9.970552814
1689970238694,9.970552843
1689970243894,9.970552785
1689970249094,9.970552565
1689970254294,9.970552535
1689970259494,9.970552697
1689970264694,9.970552491
1689970269894,9.970552594
1689970275094,9.970552594
1689970280294,9.970552579
1689970285494,9.970552403
1689970290694,9.970552345
1689970295894,9.97055214
1689970301094,9.970552345
1689970306294,9.970552301
1689970311494,9.970552242
1689970316694,9.970552052
1689970321894,9.970552433
1689970327094,9.970552462
1690021556986,9.970552002
1690021562186,9.97055209
1690021567386,9.970552016
1690021572586,9.97055209
1690021577787,9.970552016
1690021582986,9.970551987
1690021588186,9.97055184
1690021593386,9.970551752
1690021598586,9.970552031
1690021603786,9.97055209
1690021608986,9.970551752
1690021614186,9.970551796
1690021619386,9.970551899
1690021624586,9.970551958
1690021629787,9.970551694
1690021634986,9.970551474
1690021640186,9.970551899
1690021645386,9.970551577
1690103493982,9.970552698
1690103499182,9.970552947
1690103504382,9.970552654
1690103509582,9.970552537
1690103514782,9.970552566
1690103519982,9.970552449
1690103525182,9.970552317
1690103530382,9.970552478
1690103535582,9.970552889
1690103540782,9.970552654
1690103545982,9.970552683
1690103551182,9.970552727
1690103556382,9.970552742
1690103561582,9.970552566
1690103566782,9.970552449
1690103571982,9.970552713
1690103577182,9.970552478
1690103582382,9.970552229
1690103587582,9.970552405
1690103592782,9.970552405
1690182692031,9.970552093
1690182697231,9.970552313
1690182702431,9.970552283
1690182707631,9.970552445
1690182712831,9.970552195
1690182718031,9.970552078
1690182723231,9.970552034
1690182728431,9.97055199
1690182733631,9.97055199
1690182738831,9.970551873
1690182744031,9.970551961
1690182749231,9.970552078
1690182754431,9.970552107
1690182759631,9.970551946
1690182764831,9.970552034
1690182770031,9.970551653
1690182775231,9.97055155
1690182780431,9.970551726
1690182785631,9.970551829
1690182790831,9.970551536
1690274627647,9.970551452
1690274632847,9.970551745
1690274638047,9.970551628
1690274643247,9.970551672
1690274648447,9.970551511
1690274653647,9.970551642
1690274658847,9.970551906
1690274664047,9.970551701
1690274669247,9.970551335
1690274674447,9.970551203
1690274679647,9.970551364
1690274684847,9.970551452
1690274690047,9.970551291
1690274695247,9.970551672
1690274700447,9.970551613
1690274705647,9.970551599
1690274710847,9.970551335
1690274716047,9.970551525
1690274721247,9.970551276
1690274726447,9.970551613
1690320936375,9.97055186
1690320941575,9.970552109
1690320946775,9.970551904
1690320951975,9.970551713
1690320957175,9.97055186
1690320962375,9.970551713
1690320967575,9.970551933
1690320972775,9.970551669
1690320977975,9.970551919
1690320983175,9.97055186
1690320988375,9.970551567
1690320993575,9.970551684
1690320998775,9.970551787
1690321003975,9.970551728
1690321009175,9.970551611
1690321014375,9.970551684
1690321019575,9.970551728
1690321024775,9.970551684
1690321029975,9.970551435
1690321035175,9.970551479
1690473154351,9.970551922
1690473159551,9.970551922
1690473164751,9.970552127
1690473169951,9.970551673
1690473175151,9.970551981
1690473180351,9.97055201
1690473185551,9.970551717
1690473190751,9.970551922
1690473195951,9.970551775
1690473201151,9.970551585
1690473206351,9.970551629
1690473211551,9.970551629
1690473216751,9.970551775
1690473221951,9.970551614
1690473227151,9.97055179
1690473232351,9.970551497
1690473237551,9.970551658
1690473242755,9.970551761
1690473247951,9.970551497
1690473253151,9.970551541
1690531443590,9.970552288
1690531448790,9.970552493
1690531453990,9.970552728
1690531459190,9.970552464
1690531464390,9.970552566
1690531469590,9.970552464
1690531474790,9.97055242
1690531479990,9.970552302
1690531485190,9.970552083
1690531490390,9.970552039
1690531495590,9.970552449
1690531500790,9.970552273
1690531505990,9.970552009
1690531511190,9.970552449
1690531516390,9.970552405
1690531521590,9.970552141
1690531526790,9.970552083
1690531531990,9.970552024
1690531537190,9.97055198
1690531542390,9.970552273
1690610800510,9.970550073
1690610805710,9.970550029
1690610810910,9.970550117
1690610816110,9.970549604
1690610821310,9.970549868
1690610826510,9.970549912
1690610831710,9.970549941
1690610836910,9.970549882
1690610842110,9.970549824
1690610847310,9.970549838
1690610852510,9.970549692
1690610857710,9.970549574
1690610862914,9.970549868
1690610868110,9.970549897
1690610873310,9.970549882
1690610878510,9.97054975
1690610883710,9.970549516
1690610888910,9.970549706
1690610894110,9.970549486
1690610899310,9.970549736
1690702172246,9.970552351
1690702177446,9.970552351
1690702182646,9.970552205
1690702187846,9.970552219
1690702193046,9.970552278
1690702198246,9.970552249
1690702203446,9.970552131
1690702208646,9.97055197
1690702213846,9.970552161
1690702219046,9.97055197
1690702224246,9.970552029
1690702229446,9.970551647
1690702234646,9.97055153
1690702239846,9.970551545
1690702245046,9.970551413
1690702250246,9.970551691
1690702255446,9.970551779
1690702260646,9.970551559
1690702265846,9.97055134
1690702271046,9.970551545
1690823195186,9.97055066
1690823200386,9.970550792
1690823205586,9.970550982
1690823210786,9.970550704
1690823215986,9.970551041
1690823221186,9.97055088
1690823226386,9.970551085
1690823231586,9.970550748
1690823236786,9.970550674
1690823241986,9.970550748
1690823247186,9.970550953
1690823252386,9.970550997
1690823257586,9.970550821
1690823262786,9.970550704
1690823267986,9.970550484
1690823273186,9.970550704
1690823278386,9.970550601
1690823283586,9.970550777
1690823288786,9.970550557
1690823293986,9.970550865
1690896009686,9.970551242
1690896014886,9.970551535
1690896020086,9.970550949
1690896025286,9.970550758
1690896030486,9.970550978
1690896035686,9.970550949
1690896040886,9.970550993
1690896046086,9.970550964
1690896051286,9.970551183
1690896056486,9.97055089
1690896061686,9.970551052
1690896066886,9.970551374
1690896072086,9.9705507
1690896077286,9.970550861
1690896082486,9.9705507
1690896087686,9.970551066
1690896092886,9.970551066
1690896098086,9.970551154
1690896103290,9.970551008
1690896108486,9.970550964
1691045588303,9.970552312
1691045593503,9.970552327
1691045598703,9.970552107
1691045603903,9.970552136
1691045609103,9.970552283
1691045614303,9.970552268
1691045619503,9.970552122
1691045624703,9.970552166
1691045629903,9.97055199
1691045635103,9.970551931
1691045640303,9.970552078
1691045645503,9.970552283
1691045650703,9.970552371
1691045655903,9.970552283
1691045661103,9.970552312
1691045666303,9.970551975
1691045671503,9.970551946
1691045676703,9.970551902
1691045681903,9.970552019
1691045687103,9.97055218
1691269071559,9.970551356
1691269076759,9.970551371
1691269081959,9.97055121
1691269087159,9.970551356
1691269092359,9.970551312
1691269097559,9.970551078
1691269102759,9.970551122
1691269107959,9.970551151
1691269113159,9.970551034
1691269118359,9.97055121
1691269123559,9.970550975
1691269128759,9.97055118
1691269133959,9.970551063
1691269139159,9.970551019
1691269144359,9.970551034
1691269149559,9.970550873
1691269154759,9.970551078
1691269159959,9.970550829
1691269165159,9.970550931
1691269170359,9.970550843
1691352786472,9.970551196
1691352791671,9.970551255
1691352796871,9.970550991
1691352802071,9.970550874
1691352807271,9.970551255
1691352812472,9.970551225
1691352817671,9.970551255
1691352822871,9.970551299
1691352828071,9.970551035
1691352833271,9.970551152
1691352838472,9.970551094
1691352843671,9.970551094
1691352848871,9.970551138
1691352854071,9.970550947
1691352859271,9.97055102
1691352864472,9.970551372
1691352869671,9.970551328
1691352874871,9.970551152
1691352880071,9.970551094
1691352885271,9.970550874
1691593665526,9.970552289
1691593670726,9.970552465
1691593675926,9.970551908
1691593681126,9.970552362
1691593686326,9.970552186
1691593691526,9.970552245
1691593696726,9.970552098
1691593701926,9.970551996
1691593707126,9.970551923
1691593712326,9.970551937
1691593717526,9.970552025
1691593722726,9.970551937
1691593727922,9.970552201
1691593733126,9.970551864
1691593738326,9.970551952
1691593743526,9.97055182
1691593748726,9.97055182
1691593753926,9.970551835
1691593759126,9.970552274
1691593764326,9.970551835
1691665828836,9.970552204
1691665834032,9.970552307
1691665839232,9.970552512
1691665844436,9.970552278
1691665849632,9.970552615
1691665854832,9.970552483
1691665860032,9.970552454
1691665865232,9.9705526
1691665870432,9.970552791
1691665875632,9.970552102
1691665886036,9.970552248
1691665891236,9.9705526
1691665896432,9.970552307
1691665901636,9.970552483
1691665906836,9.970552336
1691665912036,9.97055241
1691665917236,9.970552498
1691665922436,9.97055238
1691665927636,9.970552454
1691740791748,9.970553175
1691740796948,9.970553204
1691740802148,9.970553263
1691740807348,9.970553102
1691740812548,9.970553234
1691740817748,9.97055297
1691740822948,9.970553292
1691740828148,9.970553263
1691740833348,9.970553028
1691740838548,9.970553204
1691740843748,9.970553322
1691740848948,9.970553468
1691740854148,9.970553028
1691740859348,9.970552896
1691740864548,9.970552867
1691740869748,9.970552999
1691740874948,9.970552911
1691740880148,9.970553131
1691740885348,9.970552838
1691740890548,9.970552662
1691847079266,9.970550993
1691847084466,9.970551404
1691847089666,9.970551257
1691847094866,9.970551184
1691847100066,9.970551257
1691847105266,9.970551389
1691847110466,9.970551257
1691847115666,9.970551301
1691847120866,9.970551228
1691847126066,9.970551375
1691847131266,9.970551184
1691847136462,9.970551521
1691847141666,9.970551477
1691847146866,9.970551536
1691847152066,9.970551389
1691847157266,9.970551477
1691847162466,9.970551404
1691847167666,9.970551536
1691847172866,9.97055155
1691847178066,9.970551389
1692109920081,9.970549679
1692109925282,9.970550221
1692109930482,9.970550221
1692109935681,9.970550148
1692109940881,9.97055006
1692109946081,9.970550221
1692109951282,9.970550016
1692109956481,9.970550177
1692109961681,9.970549899
1692109966881,9.970549943
1692109972081,9.970549767
1692109977282,9.970549781
1692109982481,9.970549679
1692109987681,9.970549635
1692109992881,9.970549767
1692109998081,9.970549664
1692110003281,9.970549723
1692110008481,9.970549825
1692110013681,9.970549928
1692110018881,9.97054962
1692201642545,9.970550171
1692201647745,9.970550478
1692201652945,9.970550522
1692201658146,9.970550434
1692201663346,9.970550273
1692201668545,9.970550259
1692201673745,9.970550434
1692201678945,9.970550464
1692201684145,9.970550537
1692201689345,9.970550273
1692201694545,9.970550332
1692201699746,9.970550522
1692201704945,9.970550581
1692201710145,9.970550434
1692201715345,9.970550332
1692201720546,9.970550434
1692201725745,9.970550361
1692201730945,9.970550171
1692201736145,9.970550449
1692201741345,9.97055064
1692293768441,9.970552952
1692293773642,9.97055304
1692293778841,9.970553245
1692293784041,9.970553025
1692293789242,9.970553011
1692293794441,9.970553377
1692293799642,9.970553231
1692293804842,9.970553055
1692293810041,9.970553275
1692293815241,9.970553128
1692293820441,9.970552908
1692293825642,9.970552952
1692293830842,9.970553128
1692293836041,9.970553099
1692293841241,9.970552908
1692293846442,9.970553113
1692293851642,9.970552938
1692293856842,9.970553216
1692293862041,9.970553099
1692293867241,9.970552996
1692340737001,9.970552449
1692340742197,9.970552566
1692340747401,9.970552742
1692340752601,9.970552771
1692340757802,9.970552668
1692340763001,9.970552434
1692340768202,9.970552698
1692340773401,9.970552346
1692340778601,9.97055258
1692340783801,9.970552566
1692340789001,9.970552507
1692340794201,9.970552375
1692340799401,9.970552492
1692340804601,9.970552273
1692340809801,9.970552449
1692340815001,9.970552463
1692340820202,9.970552185
1692340825402,9.970552624
1692340830601,9.970552346
1692340835801,9.970552624
1692639200438,9.970549254
1692639205638,9.970549444
1692639210838,9.970549547
1692639216038,9.970549136
1692639221238,9.970549518
1692639226439,9.970549415
1692639231639,9.9705494
1692639236839,9.970549386
1692639242038,9.9705494
1692639247238,9.970549356
1692639252438,9.970549562
1692639257638,9.970549606
1692639262838,9.970549459
1692639268038,9.970549195
1692639273238,9.970549474
1692639278438,9.970549298
1692639283638,9.970549166
1692639288838,9.970549371
1692639294038,9.970549386
1692639299238,9.970549166
1692874381658,9.970549762
1692874386858,9.970550055
1692874392057,9.970550363
1692874397258,9.970550231
1692874402457,9.970550305
1692874407657,9.970550099
1692874412857,9.970550246
1692874418057,9.970550187
1692874423257,9.970550319
1692874428458,9.970550085
1692874433658,9.970549982
1692874438857,9.970550041
1692874444057,9.970550173
1692874449257,9.97055007
1692874454457,9.970549703
1692874459657,9.970549865
1692874464857,9.970549923
1692874470057,9.97055007
1692874475257,9.970550334
1692874480457,9.970549718
1692958836155,9.970547825
1692958841355,9.970547928
1692958846555,9.970547928
1692958851755,9.970547796
1692958856955,9.970547855
1692958862155,9.970547723
1692958867355,9.970547869
1692958872555,9.97054762
1692958877755,9.970547576
1692958882955,9.970547474
1692958888155,9.970547547
1692958893355,9.970547532
1692958898555,9.970547459
1692958903755,9.970547415
1692958908959,9.970547474
1692958914155,9.970547532
1692958919355,9.970547224
1692958924555,9.97054699
1692958929755,9.9705474
1692958934955,9.970547136
1693131686495,9.970550981
1693131691695,9.970550981
1693131696895,9.970550937
1693131702095,9.970550791
1693131707295,9.970550586
1693131712495,9.970550805
1693131717696,9.970550981
1693131722895,9.970550688
1693131728095,9.970550498
1693131733296,9.970550527
1693131738495,9.970550864
1693131743695,9.970550908
1693131748895,9.970550688
1693131754095,9.970550644
1693131759296,9.970550718
1693131764495,9.970550527
1693131769696,9.970550718
1693131774896,9.970550542
1693131780095,9.970550586
1693131785295,9.970550674
1693208548067,9.970550161
1693208553267,9.97055063
1693208558467,9.970550674
1693208563668,9.970550659
1693208568867,9.970550513
1693208574068,9.970550718
1693208579267,9.970550688
1693208584467,9.9705506
1693208589668,9.970550395
1693208594867,9.970550498
1693208600067,9.97055019
1693208605267,9.970550469
1693208610468,9.9705506
1693208615668,9.970550703
1693208620868,9.970550732
1693208626067,9.970550307
1693208631267,9.970550527
1693208636467,9.970550454
1693208641668,9.97055041
1693208646867,9.97055041
1693315709607,9.970550877
1693315714807,9.970551287
1693315720007,9.970551053
1693315725207,9.970550979
1693315730408,9.970550935
1693315735607,9.970550877
1693315740807,9.970550833
1693315746007,9.970551067
1693315751208,9.970550833
1693315756407,9.970550701
1693315761608,9.970550848
1693315766807,9.970550584
1693315772007,9.970550862
1693315777207,9.970550774
1693315782408,9.970550716
1693315787608,9.970550804
1693315792812,9.970550745
1693315798008,9.970550862
1693315803212,9.970550657
1693315808408,9.970550686
1693748244635,9.970551512
1693748249834,9.970551586
1693748255035,9.970551718
1693748260235,9.970551732
1693748265435,9.970551556
1693748270635,9.970551644
1693748275835,9.970551674
1693748281035,9.970551644
1693748286235,9.970551615
1693748291435,9.970551703
1693748296636,9.970551468
1693748301836,9.97055182
1693748307035,9.970551952
1693748312236,9.970551468
1693748317436,9.970551395
1693748322636,9.970551542
1693748327836,9.970551688
1693748333036,9.9705516
1693748338235,9.970551762
1693748343436,9.970551967
1693843005225,9.970550475
1693843010425,9.97055049
1693843015625,9.970550416
1693843020825,9.970550387
1693843026026,9.970550534
1693843031226,9.970550504
1693843036426,9.970550548
1693843041626,9.970550446
1693843046826,9.97055005
1693843052026,9.970550094
1693843057226,9.970550666
1693843062426,9.970550094
1693843067626,9.97055046
1693843072826,9.970549947
1693843078026,9.970549859
1693843083226,9.97055002
1693843088426,9.970549786
1693843093626,9.970550094
1693843098826,9.970550064
1693843104026,9.970549977
1693937473528,9.970551433
1693937478727,9.970551917
1693937483928,9.970551829
1693937489128,9.970551712
1693937494328,9.970551741
1693937499528,9.970551902
1693937504728,9.970551682
1693937509928,9.970551638
1693937515128,9.97055155
1693937520328,9.970551609
1693937525528,9.970551463
1693937530728,9.970551345
1693937535928,9.970551668
1693937541128,9.970551712
1693937546328,9.970551712
1693937551528,9.970551565
1693937556728,9.970551433
1693937561928,9.97055155
1693937567128,9.970551228
1693937572329,9.970551316
1693991823953,9.970550156
1693991829153,9.970550215
1693991834353,9.970550434
1693991839553,9.970550288
1693991844754,9.970550156
1693991849954,9.970549863
1693991855154,9.970550053
1693991860354,9.970550009
1693991865554,9.970549965
1693991870754,9.970549995
1693991875954,9.970549848
1693991881154,9.970549745
1693991886354,9.970549775
1693991891554,9.970549687
1693991896754,9.970549907
1693991901954,9.970549833
1693991907154,9.970549892
1693991912354,9.970549701
1693991917554,9.970549775
1693991922754,9.970549613
1694108145097,9.970549339
1694108150297,9.970549602
1694108155497,9.970549559
1694108160697,9.970549251
1694108165897,9.970549471
1694108171097,9.970549339
1694108176297,9.970549764
1694108181497,9.97054969
1694108186698,9.970549412
1694108191898,9.970549412
1694108197097,9.970549544
1694108202298,9.970549324
1694108207498,9.970549559
1694108212698,9.970549852
1694108217898,9.970549764
1694108223098,9.970549617
1694108228298,9.970549866
1694108233498,9.970549749
1694108238698,9.970550145
1694108243898,9.970549896
1694162067049,9.970551844
1694162072250,9.970551991
1694162077449,9.97055202
1694162082649,9.970551624
1694162087849,9.970551771
1694162093049,9.970551888
1694162098249,9.970551742
1694162103450,9.970551917
1694162108649,9.970551742
1694162113850,9.970551727
1694162119050,9.970551903
1694162124250,9.970551947
1694162129450,9.970551624
1694162134651,9.970551639
1694162139851,9.970551566
1694162145050,9.970551844
1694162150251,9.97055158
1694162155451,9.970551712
1694162160651,9.970551668
1694162165851,9.970551815
1694344525279,9.970553048
1694344530480,9.970553415
1694344535680,9.970553195
1694344540880,9.970553297
1694344546080,9.970553253
1694344551280,9.970553268
1694344556480,9.970553136
1694344561680,9.970553092
1694344566880,9.97055299
1694344572080,9.970552931
1694344577280,9.970552931
1694344582480,9.970553121
1694344587680,9.97055318
1694344592880,9.970553209
1694344598080,9.97055299
1694344603280,9.970552814
1694344608480,9.970553107
1694344613680,9.970552858
1694344618880,9.970553019
1694344624081,9.970552784
1694511532713,9.970552773
1694511537913,9.970552758
1694511543113,9.970552494
1694511548314,9.970552479
1694511553513,9.970552421
1694511558713,9.970552509
1694511563913,9.97055245
1694511569114,9.970552391
1694511574315,9.970552289
1694511579514,9.970552362
1694511584714,9.970552157
1694511589914,9.970552318
1694511595114,9.970552098
1694511600314,9.970552406
1694511605514,9.970552245
1694511610714,9.970552597
1694511615914,9.97055226
1694511621114,9.970552303
1694511626314,9.970552128
1694511631514,9.970552157
1694629167760,9.970551755
1694629172960,9.970551814
1694629178160,9.970551931
1694629183360,9.970551829
1694629188560,9.970551917
1694629193760,9.970552151
1694629198960,9.970551814
1694629204160,9.970551858
1694629209360,9.970551931
1694629214560,9.97055221
1694629219761,9.970552019
1694629224961,9.970551902
1694629230161,9.970551961
1694629235361,9.970551975
1694629240561,9.970551609
1694629245761,9.970551447
1694629250961,9.970551477
1694629256161,9.970551433
1694629261361,9.970551389
1694629266561,9.970551609
1694687961164,9.970551697
1694687966364,9.970551799
1694687971564,9.970551741
1694687976764,9.970551506
1694687981965,9.970551755
1694687987164,9.970551946
1694687992365,9.970551594
1694687997564,9.970551799
1694688002765,9.970551536
1694688007964,9.97055136
1694688013164,9.970551404
1694688018365,9.970551374
1694688023565,9.970551741
1694688028765,9.970551492
1694688033965,9.97055133
1694688039162,9.970551433
1694688044365,9.970551389
1694688049565,9.970551609
1694688054765,9.97055155
1694688059965,9.970551316
1694788155119,9.970551602
1694788160320,9.970551778
1694788165520,9.970552144
1694788170720,9.970551616
1694788175920,9.970551704
1694788181120,9.97055188
1694788186320,9.970551353
1694788191520,9.97055125
1694788196720,9.970551573
1694788201920,9.970551338
1694788207120,9.970551338
1694788212320,9.970551807
1694788217520,9.970551529
1694788222720,9.970551382
1694788227920,9.970551499
1694788233120,9.97055169
1694788238321,9.970551675
1694788243520,9.970551558
1694788248721,9.970551338
1694788253920,9.970551441
1694863233733,9.970551547
1694863238934,9.970551547
1694863244133,9.970551635
1694863249333,9.970551385
1694863254533,9.970551591
1694863259733,9.970551429
1694863264933,9.970551664
1694863270133,9.970551283
1694863275333,9.970551415
1694863280534,9.970551165
1694863285733,9.970551635
1694863290934,9.970551532
1694863296134,9.970551459
1694863301334,9.970551283
1694863306534,9.97055096
1694863311734,9.970551033
1694863316934,9.970550946
1694863322134,9.970551473
1694863327334,9.97055162
1694863332534,9.970551591
1694942722147,9.970550197
1694942727347,9.970550285
1694942732547,9.970550446
1694942737747,9.970550563
1694942742947,9.970550123
1694942748147,9.970550402
1694942753347,9.970550036
1694942758547,9.970550358
1694942763748,9.970550402
1694942768947,9.970550182
1694942774147,9.970550314
1694942779347,9.970550285
1694942784548,9.970550065
1694942789748,9.970549977
1694942794948,9.970550153
1694942800148,9.970550373
1694942805348,9.970550021
1694942810548,9.970550079
1694942815749,9.970550241
1694942820948,9.970550211
1695108226925,9.970550221
1695108232122,9.970550382
1695108237322,9.970550412
1695108242523,9.970550265
1695108247722,9.970550602
1695108252922,9.970550646
1695108258122,9.970550353
1695108263322,9.970550558
1695108268523,9.970550646
1695108273722,9.970550265
1695108278923,9.970550148
1695108284120,9.970550426
1695108289322,9.970550089
1695108294524,9.970550045
1695108299723,9.970550074
1695108304924,9.970550324
1695108310124,9.970550118
1695108315323,9.970550206
1695108320524,9.97055028
1695108325724,9.970550104
1695246837801,9.970551341
1695246843001,9.97055115
1695246848201,9.970551326
1695246853401,9.970551267
1695246858601,9.970551267
1695246863801,9.970551033
1695246869001,9.970551004
1695246874201,9.970551106
1695246879401,9.970550916
1695246884600,9.970550989
1695246889801,9.97055093
1695246895002,9.970550784
1695246900202,9.970551018
1695246905402,9.970550828
1695246910602,9.970550725
1695246915802,9.970550798
1695246921002,9.970550916
1695246926202,9.970550769
1695246931402,9.970550798
1695246936602,9.970550754
1695317904467,9.970549868
1695317909667,9.970550454
1695317914867,9.970550293
1695317920067,9.970550322
1695317925266,9.970550513
1695317930468,9.97055063
1695317935667,9.970550264
1695317940867,9.970550381
1695317946068,9.970550176
1695317951268,9.970550249
1695317956468,9.97055
1695317961668,9.970550073
1695317966868,9.970550029
1695317972068,9.970549912
1695317977268,9.970550147
1695317982468,9.970550176
1695317987668,9.970550601
1695317992868,9.970550205
1695317998068,9.970550088
1695318003268,9.97055022
1695495818892,9.970550179
1695495824092,9.970550325
1695495829289,9.970550384
1695495834492,9.970550545
1695495839692,9.970550208
1695495844892,9.970550266
1695495850093,9.97055031
1695495855293,9.970550354
1695495860493,9.97055031
1695495865693,9.970550237
1695495870893,9.97055031
1695495876093,9.97055012
1695495881293,9.970550252
1695495886493,9.970550193
1695495891690,9.970550105
1695495896893,9.970549973
1695495902091,9.970550135
1695495907293,9.970550296
1695495912493,9.970550091
1695495917693,9.970549944
1695573503945,9.970550884
1695573509145,9.970550987
1695573514345,9.970551309
1695573519545,9.97055128
1695573524745,9.970551031
1695573529946,9.970550694
1695573540346,9.970551295
1695573545546,9.970551075
1695573550746,9.970551133
1695573555946,9.970550928
1695573561146,9.970551104
1695573566346,9.970551177
1695573571546,9.970551339
1695573576746,9.970550855
1695573581946,9.970551104
1695573587146,9.970550738
1695573592346,9.970550752
1695573597546,9.970550957
1695573602747,9.970550957
1695658621004,9.970551005
1695658626204,9.970551518
1695658631404,9.970551313
1695658636604,9.970551269
1695658641804,9.970551254
1695658647004,9.970551254
1695658652204,9.970551372
1695658657404,9.970551401
1695658662604,9.970551416
1695658667804,9.970551504
1695658673004,9.970551328
1695658678204,9.970551372
1695658683404,9.970551328
1695658688604,9.970551123
1695658693804,9.970550859
1695658699004,9.970551181
1695658704204,9.970551123
1695658709404,9.970550903
1695658714604,9.970550844
1695658719804,9.970550903
1695745817971,9.970551228
1695745823171,9.970551081
1695745828372,9.97055114
1695745833571,9.970550993
1695745838771,9.970551037
1695745843972,9.970550788
1695745849172,9.970550861
1695745854369,9.970550803
1695745859572,9.970550553
1695745864772,9.970550949
1695745869972,9.970551052
1695745875172,9.970551023
1695745880372,9.970550847
1695745885572,9.970550671
1695745890772,9.970550744
1695745895972,9.970550729
1695745901172,9.970550729
1695745906372,9.970550524
1695745911572,9.970550627
1695745916773,9.970550451
1695820619659,9.970550413
1695820624859,9.970550472
1695820630059,9.970550443
1695820635259,9.970550516
1695820640459,9.970550545
1695820645659,9.970550604
1695820650859,9.970550428
1695820656059,9.970550545
1695820661259,9.970550384
1695820666459,9.970550296
1695820671659,9.970550589
1695820676856,9.970550824
1695820682058,9.970550589
1695820687260,9.970550252
1695820692460,9.97055034
1695820697660,9.970550296
1695820702860,9.970550487
1695820708060,9.970550399
1695820713260,9.970549959
1695820718460,9.970550311
1695982153599,9.970549963
1695982158799,9.970550182
1695982163999,9.970550036
1695982169200,9.97054986
1695982174400,9.970549655
1695982179600,9.97054964
1695982184800,9.970549464
1695982190000,9.970549274
1695982195197,9.970549244
1695982200400,9.970549493
1695982205600,9.970549743
1695982210800,9.970549801
1695982216000,9.970549684
1695982221200,9.970549728
1695982226400,9.970549655
1695982231600,9.970549919
1695982236800,9.970549713
1695982242000,9.970549875
1695982247200,9.970549669
1695982252400,9.970549845
1696177813633,9.970550673
1696177818833,9.970550878
1696177824032,9.970550893
1696177829232,9.970550746
1696177834432,9.970550849
1696177839633,9.970550834
1696177844833,9.970551054
1696177850033,9.970550614
1696177855233,9.970550893
1696177860433,9.970550805
1696177865633,9.970550981
1696177870833,9.970550702
1696177876033,9.970550614
1696177881233,9.970550658
1696177886433,9.970550629
1696177891633,9.970550849
1696177896833,9.970550732
1696177902033,9.970550629
1696177907233,9.970550394
1696177912434,9.970550702
1696282169006,9.970549344
1696282174206,9.97054949
1696282179406,9.970549446
1696282184606,9.970549329
1696282189806,9.970549388
1696282200203,9.970549329
1696282205406,9.970549271
1696282210606,9.9705493
1696282215806,9.970549007
1696282221007,9.970549285
1696282226207,9.970549285
1696282231407,9.970549285
1696282236607,9.970549153
1696282241806,9.970549007
1696282257407,9.97054908
1696282262604,9.970548875
1696282267807,9.970548948
1696358010951,9.970549699
1696358016150,9.97054989
1696358021351,9.97054967
1696358026551,9.970549685
1696358031751,9.970549919
1696358036951,9.970549743
1696358042148,9.970549494
1696358047351,9.97054967
1696358052551,9.970549875
1696358057751,9.970549919
1696358062951,9.97054967
1696358068151,9.970549494
1696358073351,9.970549523
1696358078551,9.970549479
1696358083751,9.970549333
1696358088951,9.970549274
1696358094151,9.970549494
1696358099351,9.970549259
1696358104548,9.970549391
1696358109751,9.970549787
1696952426772,9.970550014
1696952431972,9.970549882
1696952437172,9.970549809
1696952442372,9.970550029
1696952447573,9.970549999
1696952452773,9.970549823
1696952457972,9.970549779
1696952463173,9.970549911
1696952468373,9.970549853
1696952473570,9.970549999
1696952478773,9.970549589
1696952483973,9.97054975
1696952489173,9.970549721
1696952494373,9.970549692
1696952499573,9.970549545
1696952504773,9.970549809
1696952509973,9.970549735
1696952515173,9.970549941
1696952520373,9.970550014
1696952525574,9.970549604
1697029958388,9.970549186
1697029963588,9.970549611
1697029968788,9.97054964
1697029973988,9.970549684
1697029979188,9.970549391
1697029984388,9.970549156
1697029989589,9.970549186
1697029994788,9.970548936
1697029999988,9.970549098
1697030005188,9.970549332
1697030010388,9.970549274
1697030015588,9.970549362
1697030020788,9.970549274
1697030025988,9.970549523
1697030031188,9.970549259
1697030036388,9.970549142
1697030041589,9.970548673
1697030046788,9.970548497
1697030051985,9.970548643
1697030057188,9.970548819
1697213295906,9.970548082
1697213301109,9.970548126
1697213306309,9.970548126
1697213311509,9.970548331
1697213316709,9.970548126
1697213321909,9.970548229
1697213327109,9.970548258
1697213332309,9.970548185
1697213337509,9.970548082
1697213342710,9.97054795
1697213347909,9.970548038
1697213353109,9.970548155
1697213358309,9.970548375
1697213363509,9.970548375
1697213368709,9.970548229
1697213373909,9.970548023
1697213379110,9.970548111
1697213384310,9.970548141
1697213389510,9.970547994
1697213394710,9.97054795
1697229648342,9.970544808
1697229653542,9.970545043
1697229658742,9.970544823
1697229663942,9.970544764
1697229669142,9.970544764
1697229674342,9.970544852
1697229679542,9.97054475
1697229684742,9.970544779
1697229689942,9.97054475
1697229695142,9.970544867
1697229700342,9.970544662
1697229705542,9.970544559
1697229710742,9.970544501
1697229715942,9.970544764
1697229721142,9.970544794
1697229726342,9.970544618
1697229731543,9.97054472
1697229736743,9.970544369
1697229741943,9.97054475
1697229747143,9.970544691
1697233467347,9.970544676
1697233472547,9.970544676
1697233477747,9.970545057
1697233482948,9.970544603
1697233488148,9.970544705
1697233493348,9.970544705
1697233498548,9.970544661
1697233503748,9.97054494
1697233508948,9.97054472
1697233514148,9.970544691
1697233519348,9.970544691
1697233524548,9.970544398
1697233529748,9.970544661
1697233534948,9.970544339
1697233540148,9.970544324
1697233545348,9.970544339
1697233550548,9.970544119
1697233555748,9.970544266
1697233560948,9.970544266
1697233566148,9.970544471
1697266495527,9.970542314
1697266500727,9.970542373
1697266505927,9.97054249
1697266511127,9.970542241
1697266516324,9.970542226
1697266521527,9.970542182
1697266526727,9.970542138
1697266531927,9.970542065
1697266537127,9.970542197
1697266542327,9.970542182
1697266547527,9.970542153
1697266552727,9.970542006
1697266557927,9.970542388
1697266563128,9.970541962
1697266568328,9.970541992
1697266573527,9.970541962
1697266578726,9.970542021
1697266583928,9.97054186
1697266589128,9.970541933
1697266594328,9.970541904
1697286593452,9.970542412
1697286598652,9.970542837
1697286603852,9.970542632
1697286609052,9.970542632
1697286614252,9.970542456
1697286619452,9.970542778
1697286624652,9.970542734
1697286629852,9.970542764
1697286635052,9.970542661
1697286640253,9.970542397
1697286645452,9.970543072
1697286650653,9.970542544
1697286655853,9.970542764
1697286661053,9.970542778
1697286666253,9.970542764
1697286671453,9.970542778
1697286676653,9.97054272
1697286681853,9.970542617
1697286687053,9.970542397
1697286692253,9.970542559
1697309613464,9.970542673
1697309618664,9.970542908
1697309623864,9.970542556
1697309629064,9.970542805
1697309634264,9.970542688
1697309639464,9.9705426
1697309644665,9.970542468
1697309649865,9.970542703
1697309655065,9.970542688
1697309660265,9.970542336
1697309665465,9.970542527
1697309670665,9.970542571
1697309675866,9.970542659
1697309681063,9.970542541
1697309686266,9.970542541
1697309691463,9.970542454
1697309696666,9.970542541
1697309701865,9.970542498
1697309707065,9.970542615
1697309712265,9.970542703
1697323266979,9.970542756
1697323272180,9.970543196
1697323277379,9.970542932
1697323282579,9.970543108
1697323287779,9.970542844
1697323292979,9.970543049
1697323298179,9.970542815
1697323303379,9.970542771
1697323308580,9.970542712
1697323313780,9.970542888
1697323318980,9.970542741
1697323324180,9.970542844
1697323329380,9.970543123
1697323334581,9.970542932
1697323339780,9.970542844
1697323344980,9.970543123
1697323350180,9.970542873
1697323355380,9.970542624
1697323360580,9.970542551
1697323365780,9.970542448
1697375547060,9.97054218
1697375552260,9.970542386
1697375557460,9.970542298
1697375562660,9.970542503
1697375567860,9.970542048
1697375573060,9.970542063
1697375578260,9.97054199
1697375583461,9.970541946
1697375588661,9.970542136
1697375593861,9.970541887
1697375599058,9.970541843
1697375604261,9.970541843
1697375609461,9.970542386
1697375614661,9.970542224
1697375619861,9.970542136
1697375625061,9.970541667
1697375630261,9.970542283
1697375635461,9.970542166
1697375640661,9.970542034
1697375645861,9.970542107
1697402915572,9.970541765
1697402920772,9.97054197
1697402925972,9.970541882
1697402931172,9.970541897
1697402936372,9.970541985
1697402941572,9.970542014
1697402946772,9.970541809
1697402951972,9.970541823
1697402957172,9.970542117
1697402962372,9.970542219
1697402967572,9.970542087
1697402972773,9.970541809
1697402977973,9.970541955
1697402983173,9.970541823
1697402988373,9.970541662
1697402993572,9.970541647
1697402998772,9.970541501
1697403003973,9.970541955
1697403009172,9.970541677
1697403014373,9.970541633
1697451531531,9.970542808
1697451536731,9.970543028
1697451541931,9.970542882
1697451547131,9.970542794
1697451552331,9.970542896
1697451557531,9.970542882
1697451562731,9.970543131
1697451567930,9.970542618
1697451573130,9.970542794
1697451578330,9.970542691
1697451583531,9.970542706
1697451588731,9.970542603
1697451593931,9.97054316
1697451599131,9.970542633
1697451604332,9.970542325
1697451609531,9.970542237
1697451614731,9.970542354
1697451619932,9.970541914
1697451625131,9.970541958
1697451630332,9.970541943
1697490467950,9.970542739
1697490473150,9.970542798
1697490478350,9.9705429
1697490483550,9.970542651
1697490488750,9.970542592
1697490493950,9.970542416
1697490499148,9.970542446
1697490504351,9.970542548
1697490509551,9.970542372
1697490514751,9.970542299
1697490519951,9.970542563
1697490525151,9.97054249
1697490530351,9.970542724
1697490535551,9.970542768
1697490540751,9.970542446
1697490545951,9.97054249
1697490551151,9.970542798
1697490556351,9.970542886
1697490561548,9.970542519
1697490566751,9.97054268
1697658074019,9.97054238
1697658079220,9.970542878
1697658084420,9.970542937
1697658089620,9.970542629
1697658094820,9.970542688
1697658100020,9.970542849
1697658105220,9.970542893
1697658110420,9.970542673
1697658115620,9.970542644
1697658120820,9.970542849
1697658126020,9.970542864
1697658131220,9.97054279
1697658136420,9.97054279
1697658141620,9.970542658
1697658146820,9.970542732
1697658152020,9.970542438
1697658157220,9.9705426
1697658162420,9.970542864
1697658167620,9.970542922
1697658172820,9.970542482
1697897792223,9.970543884
1697897797423,9.970544295
1697897802623,9.970543884
1697897807824,9.970543738
1697897813024,9.970543796
1697897818223,9.970544001
1697897823424,9.970543928
1697897828624,9.970543884
1697897833824,9.970543826
1697897839025,9.970543767
1697897844221,9.970543884
1697897849424,9.970543547
1697897854625,9.970543488
1697897859825,9.970543855
1697897865025,9.970543635
1697897870225,9.970543738
1697897875425,9.970543855
1697897880624,9.970543884
1697897885825,9.970544075
1697897891025,9.970544075
1698070258490,9.970542441
1698070263690,9.970542632
1698070268891,9.970542485
1698070274091,9.970542602
1698070279290,9.970542822
1698070284490,9.970542661
1698070289687,9.970542368
1698070294890,9.970542441
1698070300090,9.970542177
1698070305290,9.970542558
1698070310490,9.970542558
1698070315690,9.970542646
1698070320890,9.970542617
1698070326091,9.970542412
1698070331291,9.970542353
1698070336491,9.970542646
1698070341691,9.970542133
1698070346888,9.970542177
1698070352091,9.970542294
1698070357291,9.97054228
1698392747999,9.970540843
1698392753199,9.970541298
1698392758398,9.970541298
1698392763599,9.970541357
1698392768799,9.97054121
1698392773999,9.970541019
1698392779199,9.970541283
1698392784399,9.970541019
1698392789599,9.970540931
1698392794796,9.970540873
1698392799999,9.970541225
1698392805199,9.970541078
1698392810399,9.970541063
1698392815599,9.970541181
1698392820799,9.970540726
1698392825999,9.970540917
1698392831199,9.970540975
1698392836399,9.970540946
1698392841599,9.970541078
1698392846800,9.970541063
1698617317422,9.970541203
1698617322625,9.970541247
1698617327825,9.970541041
1698617333025,9.970540939
1698617338225,9.970541203
1698617343426,9.970540939
1698617348625,9.970540968
1698617353825,9.970540763
1698617359025,9.970540733
1698617364225,9.970541115
1698617369425,9.970540953
1698617374623,9.970540851
1698617379825,9.970540807
1698617385025,9.97054088
1698617390225,9.970540572
1698617395426,9.970540807
1698617400625,9.970540645
1698617405826,9.970540513
1698617411026,9.970540777
1698617416226,9.970540513
1698948363150,9.970539829
1698948368350,9.970539858
1698948373550,9.970539858
1698948378750,9.970539726
1698948383950,9.970540034
1698948389151,9.970539917
1698948394350,9.970539799
1698948399548,9.970539726
1698948404750,9.970539697
1698948409950,9.970539755
1698948415151,9.970539741
1698948420351,9.970539814
1698948425551,9.970539711
1698948430751,9.970539667
1698948435951,9.970539741
1698948441151,9.970539741
1698948446351,9.970539814
1698948451551,9.970539609
1698948456751,9.970539447
1698948461948,9.970539594
1699198235215,9.970539942
1699198240416,9.970540235
1699198245616,9.970540367
1699198250816,9.970540294
1699198256016,9.970540352
1699198261216,9.970540484
1699198266416,9.970540352
1699198271616,9.970540411
1699198276816,9.970540133
1699198282016,9.970540001
1699198287216,9.970540147
1699198292416,9.970540074
1699198297616,9.970539869
1699198302816,9.97054003
1699198308016,9.970539751
1699198313216,9.970540015
1699198318416,9.970539927
1699198323616,9.970539854
1699198328816,9.970540001
1699198334016,9.970539957
1699294537773,9.970540111
1699294542973,9.970540258
1699294548173,9.970540067
1699294553373,9.970540258
1699294558573,9.970540199
1699294563773,9.970540258
1699294568973,9.97053995
1699294574173,9.970540038
1699294579373,9.970540199
1699294584573,9.970539994
1699294589773,9.970539774
1699294594973,9.970539935
1699294600173,9.970540052
1699294605374,9.970539833
1699294610573,9.970540155
1699294615773,9.970539876
1699294620973,9.970540023
1699294626174,9.970540008
1699294631374,9.970539847
1699294636574,9.970539876
1699606376942,9.970532506
1699606382142,9.970532858
1699606387342,9.970532741
1699606392542,9.970532712
1699606397742,9.970532668
1699606402942,9.970532609
1699606408142,9.970532594
1699606413342,9.970532668
1699606418542,9.970532521
1699606423742,9.97053236
1699606428942,9.970532345
1699606434142,9.970532638
1699606439342,9.97053258
1699606444542,9.970532726
1699606449743,9.970532609
1699606454943,9.970532521
1699606460143,9.970532565
1699606465343,9.970532418
1699606470540,9.970532433
1699606475743,9.970532624
1699741694156,9.970533736
1699741699356,9.970534103
1699741704556,9.97053422
1699741709756,9.97053422
1699741714956,9.97053425
1699741720156,9.970534176
1699741725356,9.970534147
1699741730556,9.97053425
1699741735756,9.970534279
1699741740956,9.970534059
1699741746157,9.970534103
1699741751357,9.97053422
1699741756556,9.970534088
1699741761756,9.970534103
1699741766957,9.970534147
1699741772157,9.970534044
1699741777357,9.970534162
1699741782557,9.970533942
1699741787757,9.970534
1699741792957,9.97053422
1699981009400,9.970535147
1699981014600,9.970535206
1699981019800,9.970535294
1699981025000,9.970535206
1699981030200,9.970535338
1699981035400,9.970535118
1699981040600,9.970535118
1699981045800,9.970534898
1699981051000,9.970535206
1699981056200,9.970535279
1699981061402,9.970535001
1699981066601,9.970535221
1699981071800,9.970534825
1699981077001,9.970535147
1699981082201,9.970534898
1699981087401,9.970535089
1699981092601,9.970535001
1699981097801,9.970535103
1699981103001,9.970534913
1699981108201,9.97053503
1700385520697,9.970534263
1700385525897,9.970534791
1700385531097,9.970534601
1700385536297,9.970534733
1700385541497,9.970534557
1700385546697,9.970534733
1700385551897,9.970534806
1700385557097,9.970534703
1700385562297,9.970534586
1700385567497,9.970534513
1700385572698,9.970534439
1700385577898,9.970534381
1700385583098,9.970534337
1700385588298,9.970534557
1700385593498,9.970534498
1700385598698,9.970534293
1700385603898,9.970534337
1700385609098,9.970534527
1700385614298,9.970534366
1700385619498,9.970534366
1700777912796,9.970536169
1700777917996,9.970536652
1700777923196,9.970536565
1700777928396,9.970536418
1700777933596,9.97053655
1700777938795,9.970536623
1700777943996,9.970536638
1700777949196,9.97053633
1700777954396,9.970536477
1700777959596,9.970536389
1700777964796,9.970536359
1700777969996,9.970536418
1700777975196,9.97053611
1700777980396,9.970536345
1700777985596,9.970536403
1700777990797,9.970536125
1700777995997,9.970536022
1700778001197,9.970536183
1700778006397,9.970536462
1700778011597,9.970536315
1701691497783,9.970535544
1701691502983,9.970535925
1701691508183,9.97053569
1701691513383,9.970535632
1701691518583,9.970535558
1701691523784,9.970535309
1701691528983,9.97053547
1701691534183,9.9705355
1701691539384,9.970535324
1701691544584,9.970535133
1701691549783,9.970535705
1701691554984,9.970535485
1701691560184,9.970535485
1701691565384,9.970535514
1701691570581,9.970535412
1701691575784,9.970535749
1701691580984,9.970535382
1701691586185,9.970535382
1701691591385,9.970535426
1701691596585,9.970535514
1701981478422,9.970541517
1701981483623,9.97054159
1701981488823,9.970541473
1701981494020,9.97054181
1701981499223,9.970541664
1701981504423,9.970541371
1701981509623,9.970541415
1701981514823,9.970541444
1701981520023,9.970541195
1701981525223,9.970541341
1701981530423,9.970541488
1701981535623,9.970541488
1701981540823,9.97054159
1701981546023,9.970541473
1701981551222,9.970541488
1701981556422,9.970541561
1701981561623,9.970541224
1701981566823,9.970541033
1701981572023,9.970541121
1701981577223,9.970541253
1702037607709,9.970541506
1702037612909,9.970541667
1702037618109,9.970541609
1702037623309,9.970541052
1702037628509,9.970541389
1702037633709,9.970541829
1702037638909,9.970541418
1702037644109,9.970541286
1702037649309,9.970541316
1702037654509,9.970541374
1702037659709,9.970541272
1702037664909,9.970541403
1702037670109,9.970541389
1702037675309,9.970541242
1702037680509,9.97054114
1702037685710,9.970541301
1702037690909,9.970541272
1702037696109,9.970541096
1702037701310,9.970541301
1702037706510,9.970541286
1702160311086,9.970541262
1702160316286,9.970541555
1702160321486,9.970541394
1702160326686,9.970541409
1702160331886,9.970541511
1702160337086,9.970541365
1702160342287,9.970541423
1702160347486,9.970541013
1702160352686,9.970541277
1702160357886,9.97054113
1702160363086,9.970541101
1702160368286,9.97054116
1702160373486,9.970540734
1702160378686,9.970541116
1702160383887,9.970541101
1702160389086,9.97054091
1702160394287,9.97054094
1702160399487,9.970541101
1702160404687,9.970540984
1702160409887,9.970540778
1702418131294,9.970540074
1702418136494,9.970540206
1702418141694,9.97054025
1702418146894,9.970540294
1702418152094,9.970539898
1702418157294,9.970540015
1702418162498,9.97054025
1702418167694,9.970540279
1702418172894,9.970540206
1702418178094,9.970540118
1702418183294,9.970539898
1702418188494,9.970539971
1702418193694,9.970539913
1702418198895,9.970540015
1702418204095,9.970539649
1702418209294,9.970539898
1702418214495,9.970539869
1702418219695,9.970539825
1702418224895,9.970539737
1702418230095,9.97054003
1702662245157,9.970545099
1702662250357,9.970545201
1702662255557,9.97054526
1702662260757,9.970544937
1702662265957,9.970545069
1702662271157,9.970544952
1702662276357,9.970544864
1702662281558,9.970544791
1702662286755,9.970544629
1702662291958,9.970544937
1702662297158,9.970544615
1702662302358,9.970544468
1702662307558,9.970544805
1702662312758,9.970544307
1702662317958,9.970544248
1702662323158,9.970544453
1702662328358,9.970544468
1702662333558,9.970544556
1702662338758,9.970544204
1702662343958,9.970544512
1702908646143,9.970549466
1702908651343,9.970549627
1702908656543,9.970549217
1702908661744,9.970549671
1702908666944,9.970549437
1702908672144,9.970549319
1702908677343,9.970549275
1702908682544,9.970549568
1702908687744,9.970549231
1702908692944,9.970549451
1702908698144,9.970549261
1702908703344,9.97054929
1702908708544,9.970549378
1702908713744,9.970549378
1702908718944,9.970549275
1702908724144,9.970549143
1702908729344,9.970549319
1702908734544,9.970549393
1702908739744,9.970549319
1702908744945,9.970549055
1703175459325,9.970546677
1703175464525,9.970547102
1703175469725,9.970546897
1703175474925,9.970546985
1703175480125,9.970546809
1703175485326,9.970546779
1703175490525,9.970546779
1703175495725,9.970546472
1703175500925,9.970546589
1703175506126,9.97054634
1703175511326,9.970546428
1703175516526,9.970546472
1703175521726,9.970546589
1703175526926,9.970546472
1703175532126,9.970546662
1703175537326,9.970546603
1703175542526,9.970546589
1703175547726,9.970546457
1703175552926,9.970546574
1703175558126,9.970546369
1703455995979,9.97055057
1703456001179,9.970550599
1703456006379,9.970550848
1703456011580,9.970550907
1703456016779,9.970550995
1703456021979,9.970550731
1703456027179,9.970550628
1703456032379,9.970550599
1703456037579,9.970550702
1703456042780,9.970550702
1703456047979,9.97055098
1703456053180,9.970550731
1703456058380,9.970550746
1703456063579,9.970550746
1703456068780,9.970550672
1703456073980,9.970551083
1703456079180,9.970550526
1703456084380,9.970550658
1703456089580,9.970550819
1703456094780,9.970550555
1703927169162,9.970546748
1703927174362,9.970547173
1703927179562,9.97054688
1703927184762,9.970546997
1703927189962,9.970547129
1703927195162,9.970547261
1703927200363,9.970546953
1703927205562,9.970546967
1703927210762,9.970546792
1703927215962,9.970546689
1703927221162,9.970546762
1703927226363,9.970546792
1703927231562,9.970547099
1703927236763,9.970546982
1703927241962,9.970547099
1703927247163,9.970546748
1703927252363,9.970546748
1703927257563,9.970546704
1703927267963,9.970546762
1704288338571,9.97054653
1704288343772,9.970546662
1704288348972,9.97054675
1704288354172,9.97054672
1704288359372,9.970546867
1704288364572,9.970546852
1704288369771,9.970546559
1704288374972,9.97054675
1704288380172,9.970546574
1704288385372,9.970546427
1704288390572,9.97054675
1704288395772,9.970546808
1704288400972,9.970546867
1704288406173,9.970546794
1704288411372,9.970546691
1704288416572,9.97054697
1704288421773,9.970546486
1704288426972,9.970546632
1704288432172,9.970546735
1704288437372,9.970546603
1704962969226,9.970546239
1704962974427,9.970546562
1704962979626,9.970546445
1704962984826,9.970546298
1704962990027,9.970546474
1704962995227,9.970546533
1704963000426,9.970546239
1704963005627,9.970546357
1704963010827,9.970546386
1704963016027,9.970546254
1704963021227,9.970546049
1704963026427,9.970546313
1704963031627,9.970546093
1704963036827,9.970546239
1704963042027,9.970546137
1704963047227,9.970546005
1704963052427,9.970546166
1704963057627,9.970545932
1704963062828,9.970546166
1704963068027,9.970546298
1705397180821,9.970546915
1705397186022,9.970547164
1705397191222,9.970546959
1705397196421,9.970546929
1705397201622,9.970547047
1705397206822,9.970547105
1705397212022,9.970547047
1705397217222,9.970546959
1705397222419,9.970547223
1705397227622,9.970546841
1705397232822,9.970547091
1705397238022,9.970546929
1705397243222,9.970547149
1705397248422,9.970546885
1705397253622,9.970547047
1705397258822,9.9705469
1705397264022,9.970546944
1705397269222,9.970547017
1705397274422,9.970546915
1705397279623,9.970546871
1705666576446,9.97054763
1705666581646,9.970547908
1705666586846,9.970547864
1705666592046,9.970547967
1705666597246,9.970548084
1705666602446,9.970547894
1705666607646,9.970547952
1705666612846,9.970547938
1705666618046,9.970547791
1705666623247,9.970547762
1705666628444,9.9705476
1705666633647,9.970547908
1705666638847,9.97054782
1705666644047,9.970547938
1705666649247,9.970547571
1705666654447,9.970547981
1705666659647,9.9705476
1705666664847,9.970547527
1705666670047,9.970547586
1705666675247,9.970547615
1706097139670,9.970546256
1706097144870,9.970546681
1706097150070,9.970546505
1706097155270,9.970546285
1706097160470,9.970546535
1706097165670,9.970546593
1706097170870,9.970546549
1706097176070,9.970546652
1706097181270,9.970546549
1706097186470,9.970546593
1706097191669,9.970546608
1706097196869,9.970546505
1706097202070,9.970546285
1706097207271,9.970546373
1706097212470,9.970546623
1706097217671,9.970546461
1706097222871,9.970546549
1706097228071,9.970546183
1706097233271,9.970546476
1706097238471,9.970546227
1706375775417,9.970547627
1706375780617,9.9705477
1706375785818,9.970547671
1706375791018,9.970547803
1706375796218,9.970547554
1706375801418,9.970547612
1706375806618,9.970547128
1706375811819,9.970547656
1706375817019,9.970547495
1706375822217,9.970547568
1706375827419,9.970547524
1706375832619,9.970547246
1706375837816,9.97054748
1706375843019,9.97054729
1706375848219,9.970547085
1706375853419,9.970547422
1706375858619,9.97054751
1706375863819,9.970547378
1706375869019,9.970547216
1706375874219,9.970547304
1706804728282,9.970545746
1706804733483,9.97054579
1706804743883,9.970545877
1706804749083,9.970546053
1706804754283,9.970545863
1706804759483,9.97054576
1706804764683,9.970545804
1706804769883,9.970545907
1706804775083,9.970545731
1706804780283,9.970545511
1706804785483,9.970545555
1706804790683,9.970545746
1706804795883,9.970545687
1706804801084,9.970545951
1706804806283,9.970545687
1706804811483,9.970545819
1706804816683,9.970545804
1706804821883,9.97054554
1706804827084,9.970545936
1707303020570,9.970545171
1707303025770,9.970545259
1707303030970,9.970545318
1707303036170,9.970545171
1707303041370,9.970545537
1707303051768,9.970545112
1707303056970,9.970545112
1707303062168,9.970545156
1707303067370,9.970545156
1707303072570,9.970545156
1707303077771,9.970545127
1707303082971,9.970545508
1707303088171,9.970545332
1707303093371,9.970545127
1707303098571,9.970545142
1707303103771,9.97054498
1707303108971,9.9705452
1707303114171,9.970544922
1707303119371,9.970544936
1707335238505,9.970542018
1707335243107,9.970542356
1707335247761,9.970542561
1707335252423,9.970542546
1707335257052,9.970542414
1707335261647,9.970542414
1707335266350,9.970542458
1707335270947,9.970542297
1707335275574,9.97054193
1707335280147,9.970542136
1707335284805,9.970541916
1707335289468,9.970542165
1707335294114,9.97054218
1707335298683,9.970542092
1707335303276,9.970542253
1707335307894,9.970542473
1707335312558,9.970542414
1707335317173,9.970542312
1707335321790,9.970542473
1707335326485,9.970542385
1707384637269,9.970544376
1707384641833,9.97054489
1707384646495,9.970544684
1707384651315,9.970544626
1707384656042,9.970544626
1707384660699,9.970544435
1707384665261,9.970544406
1707384669825,9.970544347
1707384674416,9.970544376
1707384678979,9.97054442
1707384683541,9.970544611
1707384688139,9.97054445
1707384692703,9.970544113
1707384697347,9.970544259
1707384701911,9.970544201
1707384706644,9.970544391
1707384711208,9.970544318
1707384715832,9.970544523
1707384720414,9.970544567
1707384725012,9.970544611
1707476117259,9.970544841
1707476121867,9.970545222
1707476126453,9.970545163
1707476131033,9.970545017
1707476135604,9.970544812
1707476140304,9.970545134
1707476144906,9.970545046
1707476149466,9.970544694
1707476154030,9.970545076
1707476158621,9.97054487
1707476163224,9.970545002
1707476167853,9.970544738
1707476172455,9.970545017
1707476177031,9.970544826
1707476181594,9.970544856
1707476186157,9.970544944
1707476190706,9.970544724
1707476195292,9.970544724
1707476199914,9.970544724
1707476204501,9.970544856
1707585694462,9.970546806
1707585699025,9.970547114
1707585703586,9.970547114
1707585708172,9.970547129
1707585712736,9.970547055
1707585717299,9.970546835
1707585721862,9.970546645
1707585726496,9.970546689
1707585731059,9.970546835
1707585735621,9.970546792
1707585740205,9.970546777
1707585744770,9.970546835
1707585749332,9.970546601
1707585753897,9.970546498
1707585758461,9.97054641
1707585763024,9.970546645
1707585767618,9.97054663
1707585772183,9.970546234
1707585776748,9.970546381
1707585781311,9.970546469
1707778020459,9.970544973
1707778025039,9.970545442
1707778029601,9.970545662
1707778034166,9.970545486
1707778038842,9.970545296
1707778043405,9.970545516
1707778047968,9.970545354
1707778052638,9.970545266
1707778057201,9.970545398
1707778061766,9.970545208
1707778066359,9.970545076
1707778070990,9.970545046
1707778075552,9.970545061
1707778080118,9.970545208
1707778084762,9.970545164
1707778089325,9.97054512
1707778093889,9.970545266
1707778098484,9.970545017
1707778103048,9.970544973
1707778107611,9.970544827
1707907435834,9.970545424
1707907440397,9.970545673
1707907444955,9.970545614
1707907449516,9.970545614
1707907454079,9.970545424
1707907458641,9.970545585
1707907463202,9.970545541
1707907467764,9.970545468
1707907472325,9.970545541
1707907476926,9.970545365
1707907481486,9.970545424
1707907486048,9.970545819
1707907490611,9.970545585
1707907495174,9.970545512
1707907499736,9.970545541
1707907504300,9.97054513
1707907508860,9.970545101
1707907513420,9.970545321
1707907517981,9.970545248
1707907523090,9.970545028
1708086024139,9.970543743
1708086028702,9.970544285
1708086033265,9.970544447
1708086037826,9.970544315
1708086042389,9.970544285
1708086046952,9.970544271
1708086051514,9.970544388
1708086056076,9.970544197
1708086060639,9.970544124
1708086065201,9.970543948
1708086069764,9.970544007
1708086074326,9.970543846
1708086078891,9.970544329
1708086083454,9.970543992
1708086088017,9.970544285
1708086092580,9.970544227
1708086097143,9.970544359
1708086101704,9.970544256
1708086106353,9.970544344
1708086111553,9.970544329
1708613133411,9.970543884
1708613137975,9.970544309
1708613142537,9.970544382
1708613147136,9.970544089
1708613151699,9.97054403
1708613156261,9.97054425
1708613160825,9.970544236
1708613165379,9.970544133
1708613169941,9.970544045
1708613174503,9.970543928
1708613179064,9.970543972
1708613183626,9.970544001
1708613188187,9.970544045
1708613192751,9.97054384
1708613197314,9.970543649
1708613201874,9.97054362
1708613206454,9.970543781
1708613211016,9.97054381
1708613215579,9.970543693
1708613220704,9.970543693